produto,categoria,valor
Isotônico Coca-Cola,bebidas,5.441854552114425
Lembrancinha Festa Box,artigos para festas,17.591748034174614
Convite Piffer,artigos para festas,7.453777737033698
Vinho Heineken,bebidas,1.5517708129530485
Chinelo Fila,calçados,46.60375909955584
Decoração Magazine 25,artigos para festas,20.486918995243713
Peixe Sadia,alimentos,6.99366092896329
Impressora LG,informática,164.6029732755728
Jogo Petlove,brinquedos,42.57171112173245
Vinho Ambev,bebidas,3.3969399412202255
Colar Puma,acessórios,14.721729788075237
Pneu Heliar,automotivo,393.70300150006943
Suco Pepsi,bebidas,9.073848775182515
Lembrancinha Festas e Descartáveis,artigos para festas,38.73297849574398
Impressora Motorola,informática,596.5300408371008
Liquidificador Cuisinart,casa,494.40179028062954
Cama Mattel,brinquedos,89.64438878079082
Condicionador Jequiti,beleza,46.30997546257967
Casinha Petzoo,brinquedos,16.632184137529016
Peixe Unilever,alimentos,4.574657395047076
Frango Bauducco,alimentos,4.775060143990682
Perfume Colgate,beleza,14.250567839987568
Lembrancinha Festcolor,artigos para festas,29.419548713361518
Retrovisor Firestone,automotivo,73.68469796845811
Maquiagem O Boticário,beleza,17.577113285818328
Enfeite Regina Festas,artigos para festas,40.42056211283765
Boné Nike,acessórios,5.29375576255988
Fone de Ouvido Sony,informática,453.8341476294091
Pneu Magnetron,automotivo,405.1041399860321
Carne Unilever,alimentos,4.603556202289315
Carne JBS,alimentos,6.114349095605799
Smartphone Panasonic,eletrônicos,943.7170441220519
Batedeira Tramontina,casa,335.491150770547
Desktop Motorola,eletrônicos,851.3227232358081
Bicicleta Fila,lazer,87.9481713644471
Monitor Panasonic,informática,560.332213928419
Suco Coca-Cola,bebidas,4.987203161148232
Bola Mizuno,esportes,76.98010265214873
Rack Móveis Simonetti,móveis,408.3734076254089
Fone de Ouvido LG,informática,126.53735596075467
Vestido Mizuno,roupas,83.33818163543991
Skate Olympikus,esportes,41.28882601547012
Tablet LG,informática,584.6446974714438
borracha Americanas,livros,46.829351301350705
Impressora Sony,eletrônicos,248.6296990023408
Alarme Bridgestone,automotivo,210.37003722500293
Lâmpada Bosch,automotivo,294.8835031966348
Isotônico Pepsi,bebidas,6.134321019478644
Bateria Firestone,automotivo,427.9578965483288
Camiseta Olympikus,roupas,39.03718859333124
Suco Pepsi,alimentos,9.74729858201474
Chinelo Adidas,calçados,84.5742271763686
Rede Vans,lazer,16.644484767519327
Vestido Olympikus,roupas,72.73515992755156
Bicicleta Vans,esportes,88.11834997444542
Smart TV LG,informática,287.8394787232544
Smart TV Sony,eletrônicos,583.7091861473523
Cômoda Todeschini,móveis,204.92074296752716
Óculos Adidas,acessórios,46.05817275192151
Óleo Bridgestone,automotivo,264.81846009668635
Cama Móveis Henn,móveis,457.97084205468497
Sandália Fila,calçados,99.26006940313489
Biscoito Nestlé,alimentos,8.99908924846048
caneta Amazon,papelaria,49.786050779954685
Peixe Perdigão,alimentos,6.724399737912162
Carrinho Ri Happy,petshop,45.1106764985812
Rede Converse,lazer,84.42870790270662
Brinquedo Grow,petshop,7.1867846293298605
Jogo Estrela,brinquedos,60.95762541872083
Cinto Fila,acessórios,37.999772083484814
caderno Amazon,papelaria,47.208821892259856
Sofá Móveis Simonetti,móveis,410.8452367771372
borracha Extra,livros,49.00461348400355
Rede Mizuno,esportes,175.44127471089604
Rede Adidas,esportes,135.93393750596465
Condicionador Dove,saúde,6.300586281658845
Sandália Vans,calçados,33.996085124539604
Cabelo O Boticário,saúde,28.939163413678344
Carrinho Ri Happy,brinquedos,66.68284334503542
Saia Vans,roupas,95.69680894051453
Brinquedo Ri Happy,brinquedos,72.52104481165296
Refrigerante Coca-Cola,bebidas,1.1504442935675039
Maquiagem Natura,saúde,39.68760604799889
biografia Submarino,livros,8.83308040614954
Colar Oakley,acessórios,24.954768798457252
Tablet Samsung,informática,106.1191632190414
Bloco Petlove,petshop,44.60987856869492
Sapato Fila,calçados,17.461649378821065
Smartphone LG,eletrônicos,652.9235553448982
borracha Submarino,livros,34.07274555157884
Jogo Petzoo,brinquedos,23.5514227892198
Sabonete Dove,beleza,33.890582701589466
Balão Festas Criativas,artigos para festas,11.825397528907985
Rede Puma,lazer,36.56799860657061
Vela Cromus,artigos para festas,36.29153121126966
Refrigerante Nestlé,alimentos,8.271126712753624
Vela Aluá Festas,artigos para festas,14.253210771891517
caneta Walmart,livros,41.12136209753005
Escova Mary Kay,beleza,49.15407118244501
romance Riachuelo,livros,19.598062619387214
Carrinho Petland,petshop,46.169481158795946
Smart TV Philips,informática,429.0031357707857
Café Pepsi,alimentos,9.699960427387996
Cama Mattel,petshop,34.79676051570442
Fone de Ouvido Panasonic,eletrônicos,282.1767576975525
Chocolate Nestlé,alimentos,4.228834899633344
Câmera Sony,eletrônicos,186.5803744384424
lápis Casas Bahia,papelaria,26.005308407446527
Camiseta Asics,roupas,81.02829919666108
Carrinho Estrela,brinquedos,30.74158140255441
Sabonete Natura,beleza,35.254228428954136
Saia Reebok,roupas,40.159869357004084
Mochila Puma,acessórios,9.61989979926741
Vela Piffer,artigos para festas,28.218770255689996
Desodorante Hinode,saúde,38.45760029164472
Maquiagem Dove,beleza,9.14014158890387
Side by Side Black & Decker,casa,480.8031941558163
Sapato Reebok,calçados,14.550683580159738
e-book Casas Bahia,livros,5.282757313819344
Tênis Adidas,calçados,31.13673133420858
Chapéu Festas Criativas,artigos para festas,45.420297633009866
Escova Eudora,saúde,23.856749795634784
Sapato Asics,calçados,36.57932235105122
Caixa de Som Philips,eletrônicos,892.9595139827728
Chapéu Puma,acessórios,10.541186316247854
Front Load Oster,casa,414.8536960281436
papel Americanas,papelaria,22.669785478486066
Casinha Hasbro,brinquedos,47.70031366333903
Bicicleta Adidas,lazer,42.52002644783117
Enfeite Piffer,artigos para festas,49.023566389078645
Bateria Goodyear,automotivo,122.86212964611596
Frango JBS,alimentos,2.535243768729905
régua Submarino,papelaria,10.193197063642643
Unhas Avon,beleza,16.251643561224878
Sabonete O Boticário,saúde,46.53617757577297
Balão Festa Box,artigos para festas,43.5112690552454
Bicicleta Adidas,esportes,44.885459402568685
Top Load Oster,casa,184.35625209306502
Micro-ondas Electrolux,casa,85.40661260479322
Cabelo Mary Kay,beleza,34.55054940922484
Ração Petland,petshop,33.411615512313176
Sapato Converse,calçados,59.240558116196766
infantil Americanas,livros,22.407607904537592
Pelúcia Hasbro,brinquedos,76.35623601310978
Front Load Brastemp,casa,114.65661301951681
Frango Perdigão,alimentos,6.476455495469679
Unhas Colgate,saúde,15.628595046234762
Frango Sadia,alimentos,9.082788654738005
Monitor Apple,informática,457.2910037845874
Inverter Britânia,casa,149.03561189492206
Raquete Puma,lazer,28.780492137918387
Pelúcia Ri Happy,petshop,20.093124240662547
papel Walmart,papelaria,19.732674759465326
Espumante Heineken,bebidas,3.3049956636024604
Colar Fila,acessórios,42.15517784830305
Boné Oakley,acessórios,12.66578227263598
Sabonete Hinode,beleza,12.060355818752761
Cama Grow,petshop,27.008418002211005
fita Ponto Frio,papelaria,18.732956431180625
Câmera Motorola,informática,871.7034730315794
Casinha Hasbro,petshop,7.840683299454823
Perfume Mary Kay,beleza,8.334275595053846
Cerveja Heineken,bebidas,6.714787780564198
Bicicleta Vans,lazer,38.821786957284914
Pneu Moura,automotivo,479.01846852918857
Pulseira Nike,acessórios,26.98912768642275
Banco Heliar,automotivo,151.6461599773612
caneta Casas Bahia,livros,34.36468914488263
Energético Coca-Cola,bebidas,5.567247818365649
Boneca Mattel,brinquedos,76.98487799791586
Tablet Philips,eletrônicos,461.0322528010843
Rede Converse,esportes,136.11605665929758
Brinquedo Grow,brinquedos,33.32196464883098
Chinelo Vans,calçados,27.541685214537395
Boné Puma,acessórios,24.03534848769884
Chinelo Asics,calçados,55.471578318494444
Saia Nike,roupas,86.81693433879995
Espumante Ambev,bebidas,2.0997000515737025
Inverter Black & Decker,casa,486.9525637701004
Cabelo Natura,beleza,20.121928941786358
Desodorante Avon,beleza,35.58632967540353
Forno Elétrico Consul,casa,179.3908452588449
Blusa Nike,roupas,38.82215843743212
Sabonete Rexona,saúde,39.97457992612804
cola Walmart,papelaria,11.696991782154424
Skate Olympikus,lazer,54.576218442504704
Cadeira Móveis Kappesberg,móveis,247.78065892040317
Skate Converse,lazer,38.4337597379724
Bolsa Puma,acessórios,16.574640430429945
Perfume O Boticário,saúde,36.063064314948846
Fone de Ouvido Samsung,informática,574.4405650642432
Sapato Puma,calçados,13.112393562388771
infantil Casas Bahia,livros,17.199500014037042
Pelúcia Petland,brinquedos,28.01081508461001
borracha Riachuelo,papelaria,8.792128933412648
Maquiagem Natura,beleza,7.362982138930829
Desodorante Natura,saúde,31.570164895686695
Desodorante Dove,saúde,14.68349497917225
Calça Vans,roupas,64.96240633915329
Frango Unilever,alimentos,6.245351345842607
Jogo Estrela,petshop,8.30354874266903
Notebook Panasonic,eletrônicos,686.1648518998776
Cabelo Hinode,beleza,27.659382376631005
Decoração Regina Festas,artigos para festas,33.94986868846834
Batedeira Oster,casa,270.0665511139868
Rede Fila,lazer,99.18490473284564
Desodorante Rexona,beleza,38.500634525903784
Pelúcia Grow,petshop,44.31197668289246
Condicionador Avon,saúde,36.54010056996634
Coleira Petz,petshop,7.685069150901054
Smart TV Apple,eletrônicos,417.0716792343566
Salgadinho Pepsi,alimentos,1.7291988641605185
Filtro Pirelli,automotivo,110.0059102642409
Camiseta Puma,roupas,50.964862632445936
Enfeite Festas e Descartáveis,artigos para festas,39.37932266547584
Calça Adidas,roupas,57.86958750334647
Jogo Petz,petshop,16.405129192735625
Carteira Puma,acessórios,5.178101529777013
Bloco Petland,brinquedos,70.71025037544092
Saia Puma,roupas,86.29042835656361
Som Bridgestone,automotivo,147.37072211172412
Bota Reebok,calçados,49.70317666132095
Refrigerante Pepsi,bebidas,9.757620587993516
Fantasia Magazine 25,artigos para festas,18.371721465792515
Bicicleta Mizuno,esportes,129.96979815771857
caneta Americanas,livros,14.02306986344926
Filtro Bosch,automotivo,62.84801992412559
Blusa Asics,roupas,84.68495401644557
Smartphone Samsung,eletrônicos,458.03243271388504
Cama Móveis Rudnick,móveis,205.99492090150548
Carne Marfrig,alimentos,1.3484544656899375
Bicicleta Reebok,esportes,52.61522829802165
Liquidificador Consul,casa,166.2197918081112
Skate Reebok,esportes,74.65368896427881
Monitor Philips,eletrônicos,821.6207198182291
Caixa de Som Philips,informática,681.4353543940871
Vestido Vans,roupas,40.61081696874372
Decoração Festas Criativas,artigos para festas,14.429470737080695
Cinto Adidas,acessórios,41.98938264934402
Tablet Sony,informática,593.077555917353
Bota Olympikus,calçados,72.64499886811095
Liquidificador Brastemp,casa,250.62725232363908
Pelúcia Estrela,petshop,38.17761934657233
Desktop Panasonic,eletrônicos,876.9643499151956
Sofá Móveis Kappesberg,móveis,96.29781014869837
Banco Michelin,automotivo,401.34241432940115
Sandália Converse,calçados,87.29495623716716
Pneu Goodyear,automotivo,277.00776522525905
Bicicleta Puma,lazer,47.846591620900334
Impressora Panasonic,eletrônicos,428.4011456549967
Pulseira Fila,acessórios,30.496753936101474
Jogo Ri Happy,petshop,28.548646543545598
Cabelo Rexona,saúde,9.740783215066454
Chapéu Adidas,acessórios,7.090907720889307
Convite Aluá Festas,artigos para festas,18.405503432317648
Tablet Motorola,informática,262.8401766362667
Brinquedo Hasbro,brinquedos,38.27972142007247
borracha Americanas,papelaria,6.197374850796316
romance Extra,livros,6.335839932227078
Filtro Bridgestone,automotivo,144.93400119420033
Sofá Móveis Estrela,móveis,471.6128296873846
caneta Saraiva,papelaria,46.16548900530283
Frost Free Brastemp,casa,489.2413396551029
Bloco Estrela,brinquedos,77.5094609550737
Boneca Petland,brinquedos,27.742584382772428
Skate Reebok,lazer,22.099026524045108
cola Extra,papelaria,43.06627484273171
Skate Converse,esportes,150.0479966041244
Camiseta Fila,roupas,37.925117096484186
Top Load Mondial,casa,167.6309705340804
Fone de Ouvido Motorola,informática,601.6521917888068
Cama Petland,petshop,32.04735888420275
Armário Móveis Henn,móveis,81.89909777738742
Cabelo Rexona,beleza,30.332603690970732
Boneca Petz,petshop,44.8693119949277
Boneca Petlove,petshop,42.10689692927312
Lâmpada Moura,automotivo,294.07424963048993
Mochila Adidas,acessórios,22.020033909114506
Micro-ondas Black & Decker,casa,261.87763066351846
Escova Eudora,beleza,45.96795533009047
Rede Asics,lazer,67.05870381482393
Água Pepsi,bebidas,3.1818874267521626
Tênis Fila,calçados,39.45454776537602
Convite Cromus,artigos para festas,34.106198871566534
Retrovisor Magnetron,automotivo,277.1920849229218
Enfeite Magazine 25,artigos para festas,46.769192869613065
Mesa Móveis Kappesberg,móveis,422.74848094563777
Blusa Adidas,roupas,98.37728059340486
régua Walmart,papelaria,23.221535770992865
Bota Asics,calçados,86.53626383662447
Carrinho Petlove,petshop,15.53616466324866
Escrivaninha Móveis Matic,móveis,166.38536479308942
Pneu Bosch,automotivo,328.6183284933538
Mochila Oakley,acessórios,14.879441159632561
Monitor Motorola,eletrônicos,346.2240665371028
Batedeira Consul,casa,267.979574478825
Bola Vans,esportes,125.52427570366274
Peixe JBS,alimentos,4.821875307652921
Boneca Hasbro,petshop,42.431169306306366
Unhas Dove,saúde,14.972243505475289
Câmera Apple,informática,375.51957016071526
Vestido Reebok,roupas,63.41419687651139
Farol Moura,automotivo,71.74519975409649
Boneca Estrela,brinquedos,34.83970979052886
papel Ponto Frio,papelaria,10.320312384401003
Skate Adidas,lazer,57.29729003181527
Unhas Natura,saúde,14.805502889353695
Maquiagem Hinode,saúde,20.811865679190632
Carrinho Estrela,petshop,48.20658823875898
Cinto Oakley,acessórios,5.442450358350705
Bateria Magnetron,automotivo,370.4506457283038
Suco Coca-Cola,alimentos,3.0235196436265714
Raquete Nike,esportes,130.60276028733077
Bateria Michelin,automotivo,293.81857873855927
Fantasia Cromus,artigos para festas,8.897167508384738
Notebook LG,informática,390.2489142743775
Cama Petz,petshop,9.942000259933906
Bicicleta Mizuno,lazer,58.710156163722296
Tablet Sony,eletrônicos,601.7991462204909
Liquidificador Philco,casa,344.8109019375354
Relógio Adidas,acessórios,24.152787461882856
Lâmpada Heliar,automotivo,188.3657866431025
Casinha Petland,brinquedos,16.272516227632863
Notebook Motorola,eletrônicos,233.99765077138863
Mesa Móveis Carraro,móveis,74.25091327206667
Chinelo Olympikus,calçados,35.72450044226291
Jogo Petzoo,petshop,28.032219072356874
Raquete Mizuno,esportes,71.51285682326639
Óleo Pioneer,automotivo,396.90537389098193
romance Americanas,livros,37.42771805845261
Creme Dove,beleza,21.241645215333136
Decoração Festas e Descartáveis,artigos para festas,39.97218679897977
romance Amazon,livros,31.11725907015662
Skate Fila,esportes,30.614033211419304
Duplex Consul,casa,312.2452404163644
Skate Mizuno,lazer,46.399915983577216
Casinha Petlove,petshop,5.203181399199697
Bola Reebok,esportes,71.08427466016134
Front Load Mondial,casa,447.50636523900135
Notebook Sony,eletrônicos,211.27518036954996
Pneu Pirelli,automotivo,261.9739816352067
Cerveja Ambev,bebidas,9.66230596521304
Impressora Philips,eletrônicos,703.308564485294
Desktop Samsung,informática,820.4862338109821
fita Cultura,papelaria,14.740187651050183
Escova Jequiti,beleza,18.00811306067203
Lembrancinha Piffer,artigos para festas,30.476511593074378
Raquete Adidas,lazer,64.92644679537354
Fone de Ouvido Motorola,eletrônicos,123.19946580253804
Fantasia Festcolor,artigos para festas,31.964797484115063
Bota Fila,calçados,38.48046405025522
Câmera Panasonic,eletrônicos,169.4588586030972
Boné Fila,acessórios,7.926155114241631
Unhas Hinode,beleza,22.556663357734077
Pelúcia Mattel,petshop,20.572325141296268
Bicicleta Converse,lazer,61.650708054770575
Bolsa Adidas,acessórios,21.709342461191177
Monitor Apple,eletrônicos,372.38834840111537
Creme Hinode,saúde,28.419430920035865
Creme Rexona,saúde,17.427060540651226
Blusa Converse,roupas,86.65715144022394
Smartphone Motorola,informática,327.3022364339811
biografia Amazon,livros,37.057176422930716
Champanhe Ambev,bebidas,1.3995162065987312
Tênis Mizuno,calçados,63.96306617851869
Bolsa Nike,acessórios,16.769536084179343
Maquiagem O Boticário,saúde,23.450808809172248
Champanhe Heineken,bebidas,4.7915080429202135
Monitor Samsung,informática,133.20806674261166
caderno Casas Bahia,papelaria,25.52950886685909
Perfume O Boticário,beleza,43.21221769656533
Raquete Converse,lazer,14.537573403328466
Maquiagem Jequiti,beleza,14.108936907388562
Brinquedo Mattel,brinquedos,34.775386026745146
Front Load Black & Decker,casa,165.25779583251327
e-book Amazon,livros,33.294759070471905
Cama Petlove,brinquedos,79.969198207412
Jogo Hasbro,brinquedos,55.07695675775143
Perfume Hinode,beleza,15.228858077708042
Câmera Sony,informática,537.5446811686477
autoajuda Americanas,livros,19.978887374827224
romance Submarino,livros,33.437364836805045
Smart TV Panasonic,informática,434.7585291092934
Bota Nike,calçados,65.38274395222899
Smart TV Sony,informática,649.2751383198199
Unhas O Boticário,saúde,34.09106549403087
Armário Móveis Kappesberg,móveis,265.92749076210663
Câmera LG,informática,120.83778589003427
Ração Estrela,petshop,6.803673948545042
Carrinho Grow,brinquedos,72.41956700751123
Top Load Tramontina,casa,416.79434171575247
Camiseta Adidas,roupas,14.918899094036906
Casinha Petland,petshop,30.587648486264417
Decoração Piffer,artigos para festas,20.542014106543505
infantil Riachuelo,livros,7.3596300855223085
Enfeite Cromus,artigos para festas,21.521264337137843
Alarme Magnetron,automotivo,372.93986389273454
Impressora LG,eletrônicos,200.43965679338692
Inverter Philco,casa,198.64312141372454
Cômoda Móveis Poquema,móveis,176.83893893209563
Câmera Motorola,eletrônicos,881.0113143721042
Creme Eudora,saúde,22.50217200387299
Painel Festas e Descartáveis,artigos para festas,16.968635601216807
Lâmpada Firestone,automotivo,262.01684796318375
Mesa Todeschini,móveis,73.38324654982162
Bloco Mattel,petshop,33.66397928274611
Front Load Tramontina,casa,495.6827294791302
caneta Casas Bahia,papelaria,39.296126507583054
Vestido Adidas,roupas,98.48299466539969
Cabelo Jequiti,beleza,18.191379992387517
Sabonete Jequiti,beleza,49.268476523347594
Front Load Philco,casa,104.6376268266632
Carne Sadia,alimentos,5.501983999302705
Óleo Magnetron,automotivo,234.92993919431726
Bicicleta Olympikus,lazer,94.98983967325911
Estante Móveis Matic,móveis,282.3670448401447
Bota Converse,calçados,17.554354854263003
Brinquedo Petz,petshop,21.52152208673705
Sabonete Avon,saúde,5.92571480944513
Balão Piffer,artigos para festas,29.26659073049405
Cama Petzoo,petshop,17.637716055966376
biografia Riachuelo,livros,15.4527625175424
Calça Converse,roupas,87.37041385238611
Shampoo Eudora,saúde,11.804197787528686
Salgadinho Coca-Cola,alimentos,9.687423517402443
Chapéu Aluá Festas,artigos para festas,45.99020395596598
Calça Olympikus,roupas,10.317161108278617
Cama Estrela,petshop,37.047908628009985
caderno Submarino,papelaria,24.819706239417215
Perfume Eudora,beleza,34.73531541493949
Sandália Puma,calçados,33.22741469548177
Micro-ondas Mondial,casa,209.3062278532695
Duplex Black & Decker,casa,264.7279673905208
Painel Magazine 25,artigos para festas,16.648266771536548
Bola Asics,esportes,172.1709390812034
Maquiagem Mary Kay,saúde,27.57892416620662
Camiseta Converse,roupas,84.22102674044663
Filtro Magnetron,automotivo,330.6733922280645
Rede Mizuno,lazer,47.30374548777214
borracha Ponto Frio,papelaria,47.964252619077016
Caixa de Som LG,informática,431.72952922005675
Boneca Petland,petshop,33.16714763683551
caneta Amazon,livros,18.50661247398006
Duplex Philco,casa,368.9317293294117
Retrovisor Pirelli,automotivo,303.1910204113347
lápis Extra,papelaria,18.021017540999434
e-book Cultura,livros,10.54873760372306
Bota Adidas,calçados,53.294514272769675
Fantasia Piffer,artigos para festas,41.71744151005008
Escrivaninha Móveis Carraro,móveis,304.33940799000027
Monitor LG,informática,493.9202094456625
Forno Elétrico Oster,casa,456.44051625573263
Pulseira Puma,acessórios,38.90597850518246
apontador Extra,papelaria,15.062736792342623
Shampoo Hinode,saúde,49.353536978512615
caneta Cultura,livros,36.30245476139788
Água Pepsi,alimentos,7.359719842555557
papel Extra,papelaria,7.337160102444329
Coleira Grow,petshop,43.62714085116484
fita Amazon,papelaria,39.87054382401307
Cinto Puma,acessórios,28.953950928054333
Ração Grow,petshop,25.425765024165432
Boneca Ri Happy,petshop,6.64179372034324
caderno Americanas,papelaria,5.654315962580393
Carrinho Mattel,brinquedos,59.52554053501102
Som Bosch,automotivo,405.5824237887681
Sabonete Hinode,saúde,26.100656368496317
Shampoo Mary Kay,saúde,44.70003445163129
Shampoo Eudora,beleza,15.146602200020126
Cabelo Eudora,saúde,40.598311029096216
Estante Todeschini,móveis,428.9725275411614
Calça Nike,roupas,12.261668713953256
Raquete Asics,esportes,101.83782598685796
Brinquedo Petlove,brinquedos,80.70347047530751
Rede Puma,esportes,70.93223561695467
Estante Móveis Carraro,móveis,357.8630171587186
Coleira Petzoo,petshop,16.984627004995026
cola Americanas,papelaria,40.13251379033773
Impressora Samsung,informática,917.8043146245756
Cadeira Santos Andirá,móveis,328.92404979382053
Desktop Sony,informática,952.5066740681857
Som Firestone,automotivo,394.80654131290174
Front Load Cuisinart,casa,132.6238045183216
Top Load Brastemp,casa,485.141206098846
Saia Fila,roupas,29.998087935163298
Cabelo Dove,saúde,9.062602033626709
Unhas Hinode,saúde,14.796912813980335
Perfume Rexona,beleza,38.716874082346884
Desktop Philips,informática,503.32970729914234
Inverter Mondial,casa,168.02594957455005
Cadeira Todeschini,móveis,63.65378595950564
Ração Petlove,brinquedos,87.12291573080967
Chapéu Festcolor,artigos para festas,19.527345678765748
Sofá Móveis Rudnick,móveis,64.54564523376898
Saia Converse,roupas,90.07365691008629
Raquete Olympikus,esportes,106.27062004138895
Sabonete Mary Kay,saúde,38.61673974240297
Mesa Móveis Henn,móveis,88.0245705322379
Coleira Estrela,brinquedos,18.921108197968934
Calça Mizuno,roupas,29.624536473051766
Camiseta Nike,roupas,46.06443891637194
Fone de Ouvido Philips,eletrônicos,812.1210852184873
Front Load Electrolux,casa,311.28304266336136
ficção Submarino,livros,15.129218745301632
Rede Vans,esportes,90.11528872827569
fita Walmart,papelaria,36.18770391283606
Banco Firestone,automotivo,64.53226624475846
Saia Mizuno,roupas,93.19931545731193
Chinelo Reebok,calçados,39.13909617752902
Inverter Electrolux,casa,307.1627714290907
Blusa Fila,roupas,68.6224597086678
Tênis Asics,calçados,30.624106385089178
Pulseira Adidas,acessórios,44.7308546089641
Smart TV Panasonic,eletrônicos,595.6292370130867
Peixe Marfrig,alimentos,5.162751869870128
infantil Cultura,livros,45.7379657349515
Unhas Rexona,saúde,32.169759805311664
Coleira Grow,brinquedos,32.7129781190922
Bloco Petz,petshop,34.38940411264508
Alarme Bosch,automotivo,60.70021805564579
Notebook Motorola,informática,792.3982494305766
Descartável Festcolor,artigos para festas,42.7344049504638
Impressora Sony,informática,350.27975177059284
Estante Móveis Poquema,móveis,111.71005606986276
papel Riachuelo,papelaria,16.18218429836094
Cama Móveis Carraro,móveis,364.73792093721437
Relógio Fila,acessórios,41.63557656645227
Bicicleta Converse,esportes,87.19623894866668
Fantasia Festas Criativas,artigos para festas,34.201028309241245
Inverter Cuisinart,casa,341.09985062628516
Sabonete Dove,saúde,20.5905622774903
Impressora Apple,eletrônicos,574.7629245342195
Notebook Panasonic,informática,484.76848947960235
Carne Bauducco,alimentos,9.024819476531054
Lâmpada Michelin,automotivo,484.27090184067987
Notebook Sony,informática,231.91103263567373
Bloco Petzoo,petshop,43.457845226235406
Unhas Mary Kay,saúde,29.690173600976554
Batedeira Electrolux,casa,408.65780041919527
Fone de Ouvido Panasonic,informática,302.5592667533117
caneta Ponto Frio,papelaria,5.135640574413393
Farol Goodyear,automotivo,390.78445539995903
Skate Adidas,esportes,105.63725160734214
Chapéu Fila,acessórios,32.17917565407836
Skate Vans,lazer,25.466394077686637
Chapéu Oakley,acessórios,18.2726373413133
lápis Saraiva,papelaria,29.63851029557204
Vestido Fila,roupas,68.49512884583177
Unhas Eudora,beleza,46.667713265602686
Creme Avon,saúde,38.9622366057902
Skate Vans,esportes,22.02239592836681
Bloco Petzoo,brinquedos,29.996536160191816
Mochila Nike,acessórios,48.3978831140309
Sandália Nike,calçados,61.909807836205
Chinelo Mizuno,calçados,42.865156280279614
Raquete Nike,lazer,70.96639460951123
Vela Festa Box,artigos para festas,16.921479288511343
Enfeite Aluá Festas,artigos para festas,10.51127245526079
Casinha Mattel,petshop,9.326418077759035
Câmera LG,eletrônicos,191.04519983977207
Cadeira Móveis Matic,móveis,343.9195654685569
Cabelo Natura,saúde,15.884614257952244
Coleira Petland,petshop,18.052978160950325
Escova Jequiti,saúde,34.082761911689275
Shampoo Avon,beleza,20.237571254018594
Rack Móveis Poquema,móveis,455.04235358879697
caneta Submarino,papelaria,28.2818834948752
tesoura Casas Bahia,papelaria,22.078441795049834
Unhas Colgate,beleza,9.246913427467963
Mesa Móveis Poquema,móveis,429.8205021844745
Bola Converse,lazer,96.75948318497042
Shampoo Colgate,saúde,30.65023485127599
Fone de Ouvido Sony,eletrônicos,191.32730252899825
biografia Americanas,livros,26.29496368042791
Coleira Petlove,brinquedos,85.85500533104431
Smart TV LG,eletrônicos,646.3057042731125
Maquiagem Avon,beleza,34.08460732923619
e-book Ponto Frio,livros,26.29488879536395
Cadeira Móveis Simonetti,móveis,484.44263856904826
Side by Side Consul,casa,397.7845350429901
Pelúcia Petz,petshop,23.52194291895314
Bloco Petlove,brinquedos,39.60498486201139
Balão Festas e Descartáveis,artigos para festas,8.48906505074557
Bicicleta Asics,lazer,65.60153092283191
Maquiagem Eudora,saúde,16.10503080771324
Escova Mary Kay,saúde,28.175062874367992
Shampoo Rexona,saúde,21.088050143411248
Pelúcia Grow,brinquedos,13.257133688372926
Smartphone Motorola,eletrônicos,822.9921259635298
Frost Free Electrolux,casa,279.12028690644445
Casinha Petz,brinquedos,92.91223078711953
Maquiagem Rexona,beleza,33.36070021715849
Desodorante Hinode,beleza,25.677224207383418
Duplex Mondial,casa,168.16155205481112
Bola Fila,lazer,17.768216275479137
Perfume Colgate,saúde,8.35029589340161
Desodorante O Boticário,saúde,47.54784772345192
Refrigerante Coca-Cola,alimentos,5.686646933010528
Carteira Adidas,acessórios,17.255789102594196
e-book Extra,livros,6.305390684379059
Camiseta Mizuno,roupas,16.840193314872277
régua Amazon,papelaria,22.662176178155118
Mesa Móveis Matic,móveis,261.51344398530165
papel Saraiva,papelaria,39.95069120092394
biografia Casas Bahia,livros,36.50155717291658
Carrinho Petlove,brinquedos,91.94909552349783
Brinquedo Petland,petshop,45.43968521747181
Som Heliar,automotivo,465.07714760936983
Top Load Cuisinart,casa,383.50642903591
Caixa de Som Panasonic,informática,374.02152050044015
Pelúcia Hasbro,petshop,29.208977680625946
Coleira Ri Happy,petshop,11.908302045081124
Carrinho Petzoo,brinquedos,63.69721354149274
Inverter Consul,casa,476.90945860528933
Duplex Tramontina,casa,62.74477548731197
Frost Free Oster,casa,420.7930529762471
Chocolate Coca-Cola,alimentos,1.921561045110808
Frost Free Mondial,casa,200.68598121321594
Desktop Philips,eletrônicos,312.53055562527595
ficção Cultura,livros,47.40178478868485
Unhas Natura,beleza,20.66180862146288
Tênis Nike,calçados,15.500312570375863
Batedeira Mondial,casa,219.32154130251814
Carteira Nike,acessórios,28.274535751857986
Cama Móveis Simonetti,móveis,450.43444370727764
Micro-ondas Consul,casa,208.57245771674863
Camiseta Reebok,roupas,20.64119394798636
Chapéu Festa Box,artigos para festas,14.537668147836907
infantil Submarino,livros,40.70853105956467
Banco Pioneer,automotivo,329.6656803338322
biografia Cultura,livros,30.64474796009681
lápis Saraiva,livros,43.54905995344203
Smartphone Apple,eletrônicos,176.31647888509863
Perfume Rexona,saúde,26.830457292871213
Desktop LG,informática,349.90713728044534
Bola Puma,lazer,53.00499751082598
caneta Extra,papelaria,31.892807336136496
Sofá Móveis Carraro,móveis,344.66501590617867
Unhas Dove,beleza,28.879947534691446
Filtro Heliar,automotivo,498.06022417497263
Leite Coca-Cola,alimentos,3.8044104731308654
Frost Free Philco,casa,310.33122393845537
ficção Saraiva,livros,41.964417878092085
Casinha Petz,petshop,31.05996148690505
Vestido Asics,roupas,40.83791992140979
Desktop Samsung,eletrônicos,193.05451833935425
Escova Dove,saúde,41.375601806649534
Coleira Petlove,petshop,40.939730651649924
Carrinho Petzoo,petshop,11.469583621253832
Descartável Festas e Descartáveis,artigos para festas,44.82150319318944
Retrovisor Michelin,automotivo,72.79698086293084
Front Load Consul,casa,339.495405365078
Rede Nike,esportes,151.33086264660622
Perfume Jequiti,saúde,26.439522565110988
Colar Nike,acessórios,28.602586119250255
Caixa de Som Panasonic,eletrônicos,832.9337575355041
Óculos Oakley,acessórios,44.901914441204354
Unhas Avon,saúde,19.44802448788581
Escova Natura,saúde,42.17744675063407
romance Ponto Frio,livros,29.270771588395597
Raquete Mizuno,lazer,63.68996541147878
Bicicleta Nike,lazer,67.28766287761158
Ração Petzoo,brinquedos,18.299141962041965
caderno Ponto Frio,papelaria,46.11399001308872
Óleo Firestone,automotivo,71.58630616690256
Batedeira Cuisinart,casa,341.6533240017695
Maquiagem Dove,saúde,15.96987647774325
Escova Hinode,beleza,27.418746513211833
Raquete Vans,esportes,119.32748962248671
fita Saraiva,papelaria,9.091560132991201
Cabelo Dove,beleza,14.524838199334859
Smart TV Samsung,informática,885.6362700664803
Chapéu Nike,acessórios,28.3880688658853
Suco Nestlé,alimentos,1.4366069702684081
Escrivaninha Móveis Kappesberg,móveis,332.95234195204046
Cabelo O Boticário,beleza,32.61789244199416
Bateria Bridgestone,automotivo,407.7014374897744
tesoura Extra,papelaria,30.19114582353512
caneta Submarino,livros,13.557191428155125
Escova O Boticário,saúde,19.446768615229175
Lembrancinha Festas Mix,artigos para festas,32.47745765189491
Bola Puma,esportes,31.92973048699311
Refrigerante Pepsi,alimentos,7.210484770285472
Enfeite Festas Mix,artigos para festas,26.93658474020317
Lâmpada Pirelli,automotivo,81.66554815334813
Tablet LG,eletrônicos,790.6037190698379
Desktop Motorola,informática,779.5441792780042
Coleira Petz,brinquedos,71.88063699430636
Escova O Boticário,beleza,48.93697370573991
Rede Reebok,lazer,17.70431135240354
Bola Converse,esportes,142.69992850456964
Sandália Mizuno,calçados,71.73481304456705
lápis Ponto Frio,papelaria,17.91240628027714
Bloco Grow,petshop,42.20688092951442
Condicionador Colgate,saúde,33.56443681547958
Blusa Olympikus,roupas,72.25980931051274
Bola Olympikus,lazer,89.66639451489874
Peixe Bauducco,alimentos,5.832282830346731
biografia Saraiva,livros,8.784907848287105
Água Coca-Cola,bebidas,4.15753254591835
Smartphone Panasonic,informática,155.3698178679289
Rede Fila,esportes,46.455953512482104
Carrinho Petland,brinquedos,34.965401545890444
Jogo Petland,brinquedos,68.51426002621255
Condicionador Rexona,beleza,30.146072013891164
Fone de Ouvido Apple,eletrônicos,378.0508209122534
Jogo Ri Happy,brinquedos,85.23270531588307
Raquete Vans,lazer,17.579207947887042
Duplex Electrolux,casa,203.60983631940465
lápis Cultura,papelaria,14.605950073669307
Armário Móveis Simonetti,móveis,57.077130868837514
Frost Free Consul,casa,176.82235718867653
Escrivaninha Santos Andirá,móveis,421.1466763883175
Forno Elétrico Philco,casa,337.8562692388044
Raquete Reebok,esportes,84.3167272512954
romance Casas Bahia,livros,13.547745481985485
Skate Asics,lazer,69.1730119418682
Som Michelin,automotivo,483.6554834418914
Shampoo Natura,beleza,23.338698514113624
Sapato Olympikus,calçados,76.06834356362506
Sofá Móveis Matic,móveis,138.5117169918467
Coleira Mattel,brinquedos,65.94591947040112
Impressora Motorola,eletrônicos,358.3926907637928
lápis Amazon,papelaria,49.0427763266492
Skate Puma,esportes,184.32330599892438
Raquete Converse,esportes,77.43032868766048
Skate Asics,esportes,58.36101225037591
Cabelo Avon,saúde,22.73426429020128
Lâmpada Magnetron,automotivo,348.21129589945826
Retrovisor Moura,automotivo,280.3653450431277
Boneca Grow,brinquedos,90.32009726866374
Raquete Olympikus,lazer,40.0005562580185
Forno Elétrico Cuisinart,casa,82.88446855976403
Doce Pepsi,alimentos,8.80365272594759
Bola Adidas,esportes,121.85024437166037
Som Moura,automotivo,220.32352020489483
Escrivaninha Móveis Rudnick,móveis,231.08219800365683
Chinelo Nike,calçados,17.131414435331028
Farol Michelin,automotivo,303.29904155562895
Cabelo Eudora,beleza,22.551975233575718
Camiseta Vans,roupas,68.89589119776137
caderno Riachuelo,papelaria,12.995139463031666
Jogo Petlove,petshop,27.244055319903683
Rede Reebok,esportes,112.28203465857472
Café Nestlé,alimentos,7.616679382009571
Shampoo Jequiti,saúde,11.058308816434614
Smartphone Philips,informática,919.5674994076181
Cama Móveis Kappesberg,móveis,169.2782069622467
Cama Móveis Estrela,móveis,97.45728237207047
Casinha Ri Happy,brinquedos,46.14240727700838
Frost Free Britânia,casa,273.8620203965635
Boné Adidas,acessórios,42.825826464966624
Coleira Petland,brinquedos,70.22120056544195
Bateria Pioneer,automotivo,273.9084414607612
Rede Olympikus,esportes,117.68172555859512
Shampoo Dove,saúde,10.900274097818954
Unhas Rexona,beleza,43.69892438799157
Skate Nike,lazer,14.987079946317024
Caixa de Som Sony,eletrônicos,190.487343861061
Descartável Cromus,artigos para festas,26.42547128593373
caneta Riachuelo,papelaria,19.09328880032988
Banco Bridgestone,automotivo,110.73706202816962
Rede Adidas,lazer,80.21168848865622
Shampoo Avon,saúde,32.43672266009967
cola Cultura,papelaria,11.553445028637476
Perfume Hinode,saúde,21.07835689001575
Guarda-roupa Móveis Kappesberg,móveis,54.09700672423628
Bola Nike,esportes,76.74796084029231
Carteira Fila,acessórios,43.33066794972964
Smart TV Motorola,eletrônicos,463.1543783138838
Condicionador Avon,beleza,40.6477544591715
Bota Vans,calçados,42.49248850045673
Skate Puma,lazer,89.05872174045115
Jogo Mattel,petshop,22.429962748374884
Cadeira Móveis Carraro,móveis,445.8096119345432
Escrivaninha Móveis Estrela,móveis,210.69011766396792
Tênis Puma,calçados,71.00721949223032
Banco Goodyear,automotivo,471.96546818122846
Descartável Festas Criativas,artigos para festas,10.527697294530414
Bicicleta Reebok,lazer,63.43124591492166
Bola Nike,lazer,46.84708212242754
Óculos Nike,acessórios,15.588676229414439
Caixa de Som Apple,informática,802.1293482799321
tesoura Americanas,papelaria,47.74874299829495
Blusa Vans,roupas,31.43323347193596
Sandália Adidas,calçados,92.85752359539171
Top Load Philco,casa,59.61975221127604
Filtro Moura,automotivo,462.56234718716473
e-book Walmart,livros,25.049517481286745
Perfume Eudora,saúde,20.634077063071956
Mesa Móveis Simonetti,móveis,483.155695085576
Carrinho Grow,petshop,24.778427651597237
Coleira Petzoo,brinquedos,73.40062578942596
Sabonete Colgate,saúde,13.235608869814978
Perfume Avon,saúde,43.41325989521824
Retrovisor Pioneer,automotivo,292.6487172299602
Monitor LG,eletrônicos,688.3977005985065
Liquidificador Oster,casa,75.15812012953606
Bola Asics,lazer,40.80930024389053
Condicionador Colgate,beleza,14.827973501545845
romance Cultura,livros,6.986741107463579
borracha Cultura,livros,24.644051579036677
Forno Elétrico Brastemp,casa,276.5068532812059
Sandália Olympikus,calçados,57.127743499097214
lápis Riachuelo,papelaria,36.346177476479546
Alarme Michelin,automotivo,74.96875624905019
autoajuda Saraiva,livros,29.705856204093838
cola Amazon,papelaria,37.506759477387156
apontador Walmart,papelaria,27.591555088750262
Câmera Philips,informática,213.48778950987645
Jogo Petland,petshop,46.83859997365375
Bola Olympikus,esportes,81.31468229608757
Duplex Britânia,casa,79.50159682127563
Carteira Oakley,acessórios,22.263161271919664
Notebook Samsung,informática,376.1483533577528
Sapato Nike,calçados,98.29919771906314
Decoração Cromus,artigos para festas,36.27524281091556
Chapéu Cromus,artigos para festas,34.27200468398172
Bloco Petland,petshop,44.439286809820295
Top Load Black & Decker,casa,122.88915651597553
Carrinho Petz,brinquedos,24.219933458449724
Sandália Asics,calçados,67.78782095739737
Saia Asics,roupas,46.266406256955044
Shampoo O Boticário,saúde,20.76702782004771
Cômoda Santos Andirá,móveis,475.29321270624143
Carne Perdigão,alimentos,8.966663605783967
Vestido Converse,roupas,76.28457213775712
Coleira Hasbro,brinquedos,29.177404155244282
Guarda-roupa Móveis Matic,móveis,133.917966360717
Guarda-roupa Móveis Carraro,móveis,300.0912361313473
Bicicleta Asics,esportes,71.7149765814378
Pelúcia Estrela,brinquedos,18.3124639971228
Guarda-roupa Móveis Simonetti,móveis,278.1400440345898
Ração Petland,brinquedos,66.06230693522863
Tênis Olympikus,calçados,14.186410498235249
Batedeira Britânia,casa,90.34312986295205
Rede Olympikus,lazer,91.33202821393557
Armário Móveis Rudnick,móveis,465.00691500158405
régua Ponto Frio,papelaria,40.9231623067614
Forno Elétrico Tramontina,casa,387.01072674807585
biografia Ponto Frio,livros,16.659775210398664
Top Load Consul,casa,426.10396990871186
Notebook Apple,eletrônicos,671.6052023619806
borracha Walmart,livros,35.678138893625615
Escova Hinode,saúde,46.781141048565026
Sofá Santos Andirá,móveis,273.7385743311454
Armário Móveis Poquema,móveis,417.30711380180225
Micro-ondas Oster,casa,184.41095582184641
Lâmpada Goodyear,automotivo,131.85679320599763
Descartável Festa Box,artigos para festas,14.959431077980767
Sapato Adidas,calçados,13.810049350110278
Descartável Aluá Festas,artigos para festas,36.23646665921717
Caixa de Som Sony,informática,436.8693814171674
Forno Elétrico Mondial,casa,58.9812593471379
Lembrancinha Festas Criativas,artigos para festas,10.92564155017228
Ração Petz,brinquedos,31.410316925849127
e-book Americanas,livros,8.831395497917034
Desodorante Natura,beleza,39.61785194387161
Bicicleta Puma,esportes,167.96007151758297
Sandália Reebok,calçados,76.10211636793694
Raquete Asics,lazer,47.32267805492097
Creme Mary Kay,beleza,6.454174009805728
lápis Extra,livros,47.73689218815682
Banco Bosch,automotivo,407.5641047243165
Monitor Panasonic,eletrônicos,295.9074551925706
Bicicleta Fila,esportes,196.27700211656975
Blusa Reebok,roupas,34.645975596502836
Farol Firestone,automotivo,310.93644911144736
Convite Festas Mix,artigos para festas,10.664270888211632
borracha Casas Bahia,papelaria,14.56565405742015
papel Cultura,papelaria,20.572396974394266
Bola Adidas,lazer,37.712592270720634
Smartphone Sony,eletrônicos,872.9049992230478
Alarme Pioneer,automotivo,176.07293313109548
Óculos Puma,acessórios,27.27988120526118
régua Riachuelo,papelaria,23.674238624460525
Convite Festas Criativas,artigos para festas,39.82822349072406
Enfeite Festas Criativas,artigos para festas,10.463315094901164
tesoura Riachuelo,papelaria,26.795395877127845
Fone de Ouvido Samsung,eletrônicos,815.5600458841586
Batedeira Black & Decker,casa,239.79186537210484
Guarda-roupa Móveis Rudnick,móveis,119.92542666429816
Desodorante O Boticário,beleza,36.82629956804621
Skate Nike,esportes,123.11074997419708
Raquete Fila,esportes,89.12125072167423
Raquete Adidas,esportes,165.70414024455312
Casinha Petzoo,petshop,29.013644376750047
Ração Grow,brinquedos,16.968581495652586
Condicionador Hinode,beleza,14.471859948281535
autoajuda Ponto Frio,livros,14.50580062920324
Chinelo Converse,calçados,19.168045474462396
Creme Rexona,beleza,49.17267587342019
Fone de Ouvido Philips,informática,554.1167128271544
Painel Regina Festas,artigos para festas,27.43599061048705
Inverter Oster,casa,253.3707911853047
Alarme Goodyear,automotivo,398.37916046469053
caneta Riachuelo,livros,39.65599025435083
Alarme Firestone,automotivo,391.1589574772527
caneta Extra,livros,7.371581237422703
tesoura Saraiva,papelaria,11.859965373356864
Ração Hasbro,brinquedos,63.59645310650101
Tênis Vans,calçados,18.277131777053597
Energético Pepsi,bebidas,7.914939316408113
Pelúcia Petland,petshop,28.873412547095054
borracha Riachuelo,livros,42.77380569521697
fita Extra,papelaria,46.087260807666986
Condicionador Eudora,beleza,44.9616894468909
Calça Puma,roupas,17.79011953024449
Sabonete Jequiti,saúde,10.492842241517717
Bola Fila,esportes,92.62015674578946
Descartável Piffer,artigos para festas,40.9004654319726
Chapéu Festas e Descartáveis,artigos para festas,14.15891355163281
Liquidificador Mondial,casa,102.3557300082091
Boneca Hasbro,brinquedos,59.1939951084395
apontador Americanas,papelaria,18.39886429628008
Monitor Samsung,eletrônicos,687.1944290801393
Rack Móveis Kappesberg,móveis,160.40557581670657
Sapato Mizuno,calçados,92.97755909689663
Bicicleta Nike,esportes,93.67466404686493
Condicionador Hinode,saúde,44.99639279332274
Side by Side Tramontina,casa,421.02347370085437
Batedeira Brastemp,casa,316.67190977119776
Caixa de Som Samsung,informática,152.5733850646191
Mochila Fila,acessórios,11.919733502989851
Desodorante Eudora,saúde,41.25149306280063
Creme Colgate,saúde,33.85913210132866
romance Walmart,livros,8.32733163882354
Creme Mary Kay,saúde,48.856130767280966
Caixa de Som Motorola,informática,792.7750334879164
Vestido Puma,roupas,26.802604367461367
Cadeira Móveis Poquema,móveis,292.2186259886648
Sofá Todeschini,móveis,269.4684765145515
Sabonete Avon,beleza,27.861298511296983
Desodorante Jequiti,saúde,35.53864073875245
apontador Ponto Frio,papelaria,49.15169055225936
ficção Casas Bahia,livros,47.743651358360864
Guarda-roupa Santos Andirá,móveis,423.11613153619055
Side by Side Philco,casa,168.75603250033444
Desodorante Avon,saúde,6.117542928617508
lápis Ponto Frio,livros,20.2305175490604
Desodorante Jequiti,beleza,32.615457259830066
Caixa de Som Samsung,eletrônicos,910.9767637785155
Desktop Apple,eletrônicos,805.3467445235098
Jogo Grow,brinquedos,17.408699559554286
Balão Festcolor,artigos para festas,17.10328625971954
Cama Móveis Poquema,móveis,497.4866184824453
Rack Santos Andirá,móveis,374.4805084840556
Sabonete Natura,saúde,8.680984807159238
Chapéu Piffer,artigos para festas,47.602930246644156
caderno Saraiva,papelaria,38.220869313730915
Notebook LG,eletrônicos,233.45389030776698
autoajuda Submarino,livros,36.67319237674174
Balão Aluá Festas,artigos para festas,29.04174244563377
Escova Rexona,saúde,42.25362866725717
Pelúcia Petz,brinquedos,33.257750282194365
ficção Riachuelo,livros,29.20280811759852
Convite Festas e Descartáveis,artigos para festas,20.641629067604736
Tênis Reebok,calçados,23.74167551402434
Câmera Philips,eletrônicos,152.65020567026662
Cômoda Móveis Simonetti,móveis,285.44172153924865
Carrinho Hasbro,petshop,26.178104467832913
Cômoda Móveis Rudnick,móveis,302.2070264543951
Mesa Móveis Rudnick,móveis,229.61963422712242
Maquiagem Jequiti,saúde,7.182475987223692
Cinto Nike,acessórios,10.882353095296711
Colar Adidas,acessórios,39.98284280009458
Maquiagem Hinode,beleza,29.852529074753875
Enfeite Festa Box,artigos para festas,30.420745141798164
Smart TV Motorola,informática,739.900425742122
Perfume Natura,saúde,7.823963380234975
Filtro Goodyear,automotivo,415.77092182463485
Brinquedo Petland,brinquedos,12.294856355811284
lápis Cultura,livros,27.08345542794923
lápis Submarino,papelaria,16.69649433076564
Rede Nike,lazer,26.450359294616273
Cama Ri Happy,petshop,31.82046781657679
Casinha Ri Happy,petshop,6.7450992782273005
Mesa Móveis Estrela,móveis,346.32937649159436
ficção Extra,livros,13.105718334536654
Coleira Hasbro,petshop,46.46502400428011
Raquete Puma,esportes,166.7465481734624
Casinha Mattel,brinquedos,40.21812160350068
Jogo Petz,brinquedos,55.813488437956494
Carrinho Petz,petshop,25.695386246280435
Pelúcia Mattel,brinquedos,81.72001120636621
Chapéu Magazine 25,artigos para festas,8.532090173091767
Bola Reebok,lazer,65.51078227302258
tesoura Cultura,papelaria,43.618852877281476
Boneca Grow,petshop,26.546654201682802
Bicicleta Olympikus,esportes,71.4792191365432
Boneca Mattel,petshop,13.374158342003428
Jogo Hasbro,petshop,5.447635116297519
Cama Móveis Matic,móveis,185.19586067183056
borracha Amazon,livros,31.838155736302884
Maquiagem Rexona,saúde,46.68624248615706
Doce Nestlé,alimentos,4.849102688760929
Desodorante Eudora,beleza,27.09942818810427
Calça Fila,roupas,34.985777754989066
Vela Festcolor,artigos para festas,23.083511676997016
Smartphone Apple,informática,271.1527441584607
Painel Cromus,artigos para festas,37.38588873865829
Óculos Fila,acessórios,33.57773955429298
Casinha Grow,petshop,27.57130045307086
Ração Ri Happy,brinquedos,31.27130141568975
Tablet Apple,informática,289.69516700958616
Câmera Samsung,informática,108.91300078391797
Cômoda Móveis Kappesberg,móveis,316.94340176183243
Notebook Philips,eletrônicos,883.7365540086922
Caixa de Som Apple,eletrônicos,271.259979899321
papel Casas Bahia,papelaria,49.029605337575376
Armário Todeschini,móveis,114.81186504567363
Smartphone LG,informática,845.8948741184535
Shampoo Rexona,beleza,7.717081914793782
Batedeira Philco,casa,59.37712143487334
Ração Mattel,petshop,10.092424235749565
Cabelo Colgate,saúde,39.19511194221958
Cama Estrela,brinquedos,98.19668668906243
Unhas Jequiti,saúde,41.56649433246373
Carrinho Mattel,petshop,32.986432526092486
autoajuda Amazon,livros,48.11574679140661
Bateria Pirelli,automotivo,478.1107186467715
Farol Pioneer,automotivo,301.45221387121296
Salgado Nestlé,alimentos,4.275881575441473
Coleira Ri Happy,brinquedos,44.965721872632734
Inverter Tramontina,casa,159.6430523741838
Escrivaninha Móveis Henn,móveis,482.5075232124956
Bloco Ri Happy,petshop,47.5388531578022
Vela Festas Criativas,artigos para festas,32.45432310342464
Boneca Estrela,petshop,23.027263462360974
Bloco Mattel,brinquedos,21.783575445729873
infantil Extra,livros,40.80736070426893
Tablet Panasonic,informática,841.4464572263363
Cama Petzoo,brinquedos,78.6892399876141
cola Ponto Frio,papelaria,35.20494313712707
borracha Casas Bahia,livros,45.11329690465586
Relógio Oakley,acessórios,10.35113978281138
Desodorante Rexona,saúde,21.639625716353752
Escrivaninha Todeschini,móveis,463.86218928193045
biografia Extra,livros,39.003652518755416
Óleo Pirelli,automotivo,376.2441162647091
Creme Natura,beleza,32.47609236679713
Brinquedo Ri Happy,petshop,6.309782357115564
Óleo Michelin,automotivo,483.65217470955736
Óleo Bosch,automotivo,328.3164381674936
e-book Submarino,livros,38.834355187889955
Bola Vans,lazer,91.9172112179927
autoajuda Walmart,livros,38.055221398435556
Boneca Petzoo,petshop,46.90631698094294
Sabonete Eudora,saúde,37.91161201255876
Pneu Firestone,automotivo,51.5953374781251
Balão Regina Festas,artigos para festas,45.64205803820486
Biscoito Coca-Cola,alimentos,1.1453039572373844
Shampoo Dove,beleza,43.802965226328105
Side by Side Electrolux,casa,132.22047920117012
Liquidificador Electrolux,casa,387.6014763874883
Raquete Fila,lazer,60.82689373971439
Perfume Natura,beleza,31.71288564579605
Desktop Sony,eletrônicos,571.0597344399897
Condicionador Jequiti,saúde,44.8461813629785
Bloco Grow,brinquedos,77.0915008266384
Balão Magazine 25,artigos para festas,43.09392000984274
Vestido Nike,roupas,72.3610076729821
borracha Cultura,papelaria,28.96155775417305
Monitor Sony,eletrônicos,430.94490868498076
apontador Riachuelo,papelaria,44.20719968462463
Fantasia Festas Mix,artigos para festas,24.849417243368105
Fone de Ouvido LG,eletrônicos,841.7092044546611
Armário Móveis Matic,móveis,63.792867406499404
Carrinho Hasbro,brinquedos,53.60975539296427
Câmera Panasonic,informática,720.0231033489603
caneta Cultura,papelaria,20.59827783420262
Impressora Samsung,eletrônicos,138.0453405395379
Retrovisor Heliar,automotivo,61.60528769108804
Tablet Philips,informática,893.6617866889904
Água Coca-Cola,alimentos,4.104609516783951
Monitor Philips,informática,409.08105445499297
Alarme Moura,automotivo,159.3574543078982
Chapéu Festas Mix,artigos para festas,47.38139580801473
Descartável Magazine 25,artigos para festas,41.89971102682824
Creme Natura,saúde,24.993933543108888
Saia Adidas,roupas,37.554876371108236
borracha Extra,papelaria,44.678576879606965
Sapato Vans,calçados,64.33473562788072
Decoração Festcolor,artigos para festas,28.33728526691818
cola Casas Bahia,papelaria,10.364842230009199
Bloco Hasbro,brinquedos,47.656548304870746
Banco Magnetron,automotivo,332.03791208867045
Rack Móveis Estrela,móveis,275.5677654222589
Estante Móveis Kappesberg,móveis,262.7970419557422
Condicionador Natura,beleza,15.393576073843095
lápis Casas Bahia,livros,18.72235955972813
Cama Todeschini,móveis,498.1984791592834
Frost Free Tramontina,casa,338.9805416347883
borracha Walmart,papelaria,46.90423981528778
Side by Side Cuisinart,casa,253.16860825631238
Decoração Festa Box,artigos para festas,44.213344122361974
fita Riachuelo,papelaria,30.73493531649068
Salgadinho Nestlé,alimentos,6.296329842838674
Óleo Goodyear,automotivo,456.00633958302893
Fantasia Festas e Descartáveis,artigos para festas,11.702954399230318
Decoração Aluá Festas,artigos para festas,31.14542330488369
Boneca Ri Happy,brinquedos,14.6611072090459
Bota Mizuno,calçados,90.65161421041124
Cama Hasbro,brinquedos,97.13288433913273
apontador Casas Bahia,papelaria,20.72594403709216
régua Saraiva,papelaria,19.208874016271167
Rede Asics,esportes,114.16362880389441
Notebook Samsung,eletrônicos,668.0868874810178
Frost Free Black & Decker,casa,87.63040414978396
caderno Walmart,papelaria,16.354671410294827
Filtro Firestone,automotivo,190.2042726952718
romance Saraiva,livros,43.82916599950512
Desktop Panasonic,informática,576.459687127224
Farol Bridgestone,automotivo,475.9189571740567
Smart TV Samsung,eletrônicos,773.7425552463543
Cabelo Hinode,saúde,37.44513545274547
Micro-ondas Brastemp,casa,301.6926214685559
e-book Riachuelo,livros,5.942094068784923
Casinha Estrela,petshop,17.917804164154283
Mesa Santos Andirá,móveis,363.91170746277766
Cama Hasbro,petshop,44.759757078751434
Creme Jequiti,saúde,19.56156992944539
Lembrancinha Cromus,artigos para festas,17.283612590504163
Fantasia Regina Festas,artigos para festas,10.639117384669277
Cama Santos Andirá,móveis,53.62835996100624
Coleira Mattel,petshop,13.532334423710044
Ração Petzoo,petshop,19.228805081971437
Side by Side Mondial,casa,252.5163760672091
Liquidificador Tramontina,casa,377.4355679650572
Skate Fila,lazer,73.48659294276807
Lembrancinha Aluá Festas,artigos para festas,16.297516795604366
Bateria Heliar,automotivo,269.42379591568755
Front Load Britânia,casa,456.80777083952364
Estante Móveis Simonetti,móveis,271.22686161588973
Pneu Bridgestone,automotivo,222.2043372055206
Armário Santos Andirá,móveis,358.95882461406086
tesoura Submarino,papelaria,29.66958766269973
Ração Estrela,brinquedos,98.95463983954643
lápis Submarino,livros,32.77318552987202
Micro-ondas Cuisinart,casa,158.6270869303081
Bloco Estrela,petshop,14.240246983032083
Smart TV Apple,informática,217.14538474694115
apontador Cultura,papelaria,24.131033913094114
Cabelo Avon,beleza,48.84207666353185
Brinquedo Petzoo,brinquedos,99.08238091511544
Calça Reebok,roupas,67.8645490030589
Brinquedo Petz,brinquedos,30.35439926690362
caderno Cultura,papelaria,36.57600340916551
caderno Extra,papelaria,25.287457950589687
Convite Festa Box,artigos para festas,39.61377378406137
régua Casas Bahia,papelaria,24.497470990690026
Caixa de Som LG,eletrônicos,187.6696638504414
Cama Petland,brinquedos,43.23982753447139
papel Submarino,papelaria,45.410077031656456
Balão Festas Mix,artigos para festas,27.840236738657207
Notebook Apple,informática,764.221916204363
Condicionador Rexona,saúde,28.782191862875127
Água Nestlé,alimentos,3.395098394828106
Som Pirelli,automotivo,85.04725161707826
Duplex Oster,casa,166.70436596913106
tesoura Amazon,papelaria,15.017988712217683
Vela Festas Mix,artigos para festas,44.11616530112347
Blusa Mizuno,roupas,99.65680373442538
Pelúcia Petzoo,petshop,11.200539553013243
Escova Avon,beleza,32.72875977507782
Bota Puma,calçados,73.4187316397815
Caixa de Som Motorola,eletrônicos,511.9285806695982
Ração Mattel,brinquedos,14.485874640230797
Bola Mizuno,lazer,66.30510898314867
Cabelo Colgate,beleza,49.14980152839532
Armário Móveis Estrela,móveis,334.78804908930607
Desktop Apple,informática,870.7574591277123
Leite Pepsi,alimentos,1.5271109801009413
Banco Pirelli,automotivo,339.62999384673157
Shampoo Colgate,beleza,35.8608699033354
Escova Dove,beleza,16.632322704422357
Estante Móveis Estrela,móveis,121.1430316483232
lápis Walmart,papelaria,31.381800052143635
Condicionador Dove,beleza,33.36375952303058
Bloco Petz,brinquedos,23.559007570237405
Tablet Motorola,eletrônicos,483.96061038323467
Café Coca-Cola,alimentos,4.360293799350453
lápis Riachuelo,livros,5.149849664378432
Inverter Brastemp,casa,308.9560617567465
Tablet Apple,eletrônicos,384.9692454910009
Guarda-roupa Todeschini,móveis,217.14094005313828
Ração Hasbro,petshop,15.95484470472143
Rack Móveis Henn,móveis,433.5803091072452
Chinelo Puma,calçados,12.153148281500314
Smartphone Samsung,informática,767.7602891320541
Boneca Petlove,brinquedos,68.90288971871811
Brinquedo Petlove,petshop,44.80803652475482
Relógio Nike,acessórios,10.507414591494701
caneta Saraiva,livros,31.681384350156375
Farol Pirelli,automotivo,238.152538770031
Painel Festas Criativas,artigos para festas,23.741041660100944
Alarme Pirelli,automotivo,363.14482475063903
ficção Amazon,livros,8.243564006773916
Brinquedo Petzoo,petshop,18.7263411112929
Estante Santos Andirá,móveis,317.3410109984585
Decoração Festas Mix,artigos para festas,6.766318650236426
Lembrancinha Regina Festas,artigos para festas,40.37005652608755
infantil Amazon,livros,27.014134884888943
Pelúcia Ri Happy,brinquedos,43.90313267049078
Impressora Panasonic,informática,737.7621837859215
cola Submarino,papelaria,43.530215945967605
Micro-ondas Tramontina,casa,290.88320782493065
lápis Walmart,livros,30.56190675912454
Creme Colgate,beleza,32.10276313791226
Casinha Grow,brinquedos,21.16800304935618
Fantasia Aluá Festas,artigos para festas,40.44987026072747
Pelúcia Petlove,brinquedos,85.03940881823142
Estante Móveis Henn,móveis,344.3880698962316
Descartável Festas Mix,artigos para festas,45.08401270835012
Boneca Petzoo,brinquedos,37.160779758063185
Condicionador Eudora,saúde,33.01919488616056
régua Americanas,papelaria,27.338582341631344
Shampoo Jequiti,beleza,9.879953572499335
Escrivaninha Móveis Poquema,móveis,279.28309591561657
ficção Americanas,livros,22.499295617909702
Pelúcia Petzoo,brinquedos,62.73154622254312
Brinquedo Hasbro,petshop,27.462868092244157
Brinquedo Estrela,petshop,14.38635079750246
Rack Móveis Matic,móveis,311.13766879969296
Side by Side Oster,casa,411.15264384675527
Sofá Móveis Henn,móveis,137.79363744337994
Convite Festcolor,artigos para festas,47.61553817761085
Casinha Estrela,brinquedos,52.3202685814133
ficção Ponto Frio,livros,12.01345321514453
Alarme Heliar,automotivo,452.8764679414548
Brinquedo Estrela,brinquedos,79.04676051718114
Raquete Reebok,lazer,47.95534468208712
Creme Dove,saúde,21.648338920390454
Shampoo Natura,saúde,37.652816432996005
Condicionador O Boticário,beleza,29.60533572008268
Skate Mizuno,esportes,131.9999308259452
Perfume Mary Kay,saúde,35.6976897708672
Creme Jequiti,beleza,41.93210606173007
Câmera Samsung,eletrônicos,251.01625020813535
Filtro Michelin,automotivo,465.6849223109751
Perfume Jequiti,beleza,32.294379829398494
Duplex Brastemp,casa,434.1508391931924
Estante Móveis Rudnick,móveis,420.89603391547723
Bolsa Oakley,acessórios,37.78069556417437
infantil Saraiva,livros,29.730818893896938
Coleira Estrela,petshop,17.080388729115505
Saia Olympikus,roupas,77.67608888496541
Som Pioneer,automotivo,264.96868948661074
Cama Grow,brinquedos,19.32526061572389
fita Submarino,papelaria,10.732708771586879
Blusa Puma,roupas,43.44067981806406
lápis Americanas,papelaria,42.363705159239146
Perfume Avon,beleza,6.813682794182595
Guarda-roupa Móveis Estrela,móveis,308.1701731099139
Som Magnetron,automotivo,108.81797162212429
Salgado Coca-Cola,alimentos,4.334843438517135
Maquiagem Mary Kay,beleza,10.146669740738602
Cama Petz,brinquedos,18.78514431717316
Duplex Cuisinart,casa,260.95168669749137
Unhas Jequiti,beleza,8.63001526636082
Fantasia Festa Box,artigos para festas,5.789974326621886
Vela Festas e Descartáveis,artigos para festas,24.64846316112998
Farol Heliar,automotivo,447.6042779175753
Bolsa Fila,acessórios,40.35643121380481
Lâmpada Pioneer,automotivo,388.47376471062125
Forno Elétrico Electrolux,casa,128.97135759282463
Shampoo O Boticário,beleza,25.770459028664312
Balão Cromus,artigos para festas,46.22665148612723
Bloco Hasbro,petshop,38.600623741781064
Farol Magnetron,automotivo,266.45740093917937
Sabonete Eudora,beleza,44.36590523374115
Óleo Moura,automotivo,432.06922659716446
Ração Ri Happy,petshop,30.928782985666498
Bateria Bosch,automotivo,492.35508594724666
tesoura Walmart,papelaria,49.48474939562566
infantil Ponto Frio,livros,27.885096012226292
caneta Walmart,papelaria,33.38697435750845
Sabonete Mary Kay,beleza,38.60270813362985
Creme Eudora,beleza,42.66786367672758
autoajuda Casas Bahia,livros,42.32580959433672
Frango Marfrig,alimentos,7.300664043811036
Sofá Móveis Poquema,móveis,182.40304991079554
Cabelo Jequiti,saúde,15.659030920049355
Escova Rexona,beleza,26.68800875553162
Guarda-roupa Móveis Poquema,móveis,306.5048267555243
Descartável Regina Festas,artigos para festas,20.451942536210524
Calça Asics,roupas,27.820287933905245
Escrivaninha Móveis Simonetti,móveis,191.97298631143516
Creme O Boticário,beleza,47.97809337696068
borracha Saraiva,papelaria,12.86632869507558
régua Cultura,papelaria,41.452079870886465
Condicionador Natura,saúde,40.577415361337394
Vela Magazine 25,artigos para festas,19.86155528741211
Casinha Petlove,brinquedos,78.75171716175262
Desodorante Colgate,beleza,49.895118242147646
Ração Petlove,petshop,29.199008437393914
Som Goodyear,automotivo,136.99822628037822
Guarda-roupa Móveis Henn,móveis,318.80578690623685
Desodorante Mary Kay,saúde,41.94503549357863
borracha Submarino,papelaria,34.84837143886853
Convite Magazine 25,artigos para festas,19.39248519490317
Brinquedo Mattel,petshop,5.967336306976702
Shampoo Mary Kay,beleza,9.454384916705965
Escova Natura,beleza,21.830455791666456
Leite Nestlé,alimentos,8.664396850900403
borracha Ponto Frio,livros,5.790638979397274
borracha Amazon,papelaria,21.015354062969564
Pelúcia Petlove,petshop,45.574236928347965
lápis Americanas,livros,12.60712778066597
Cômoda Móveis Carraro,móveis,405.4006485171578
Sabonete O Boticário,beleza,22.138190953537418
Rack Móveis Carraro,móveis,283.3877042289225
Chapéu Regina Festas,artigos para festas,5.307775038756746
borracha Saraiva,livros,42.66782934082796
Biscoito Pepsi,alimentos,4.32477090239869
Creme O Boticário,saúde,48.638352848331415
autoajuda Cultura,livros,43.56600116157772
Painel Piffer,artigos para festas,24.27947487978696
Smartphone Philips,eletrônicos,818.1682075160418
Sabonete Colgate,beleza,15.003891351750893
Maquiagem Colgate,saúde,29.705404825471856
Cômoda Móveis Henn,móveis,463.557307094227
Painel Festcolor,artigos para festas,26.30313185971507
cola Saraiva,papelaria,41.74825951326996
Desodorante Dove,beleza,34.41772075608329
Jogo Mattel,brinquedos,24.77460380470464
Tablet Samsung,eletrônicos,753.9360079450571
Top Load Britânia,casa,248.75153684993296
Bateria Moura,automotivo,145.9982322413633
Câmera Apple,eletrônicos,766.1668201562002
Doce Coca-Cola,alimentos,3.2874694319762225
Condicionador Mary Kay,saúde,16.240217418052488
Fone de Ouvido Apple,informática,236.3891971174392
Forno Elétrico Britânia,casa,90.72278797366826
Pulseira Oakley,acessórios,20.516518568535055
Cadeira Móveis Henn,móveis,447.8028555405245
Retrovisor Goodyear,automotivo,103.10619849967239
Maquiagem Colgate,beleza,7.074655930269053
Pneu Michelin,automotivo,143.6192771497527
infantil Walmart,livros,18.213471155416517
Chocolate Pepsi,alimentos,1.6318404798011275
Maquiagem Eudora,beleza,49.86476115307032
Desodorante Colgate,saúde,5.782797892991335
Filtro Pioneer,automotivo,150.10468000619878
Convite Regina Festas,artigos para festas,39.51719280367872
Condicionador Mary Kay,beleza,19.6179984221611
Cadeira Móveis Rudnick,móveis,246.845153931565
biografia Walmart,livros,12.549069593513861
Tênis Converse,calçados,48.769670318096814
apontador Saraiva,papelaria,21.52836000268243
Liquidificador Black & Decker,casa,222.3690250216646
Cama Petlove,petshop,18.285538995518746
e-book Saraiva,livros,35.866360090992885
Smartphone Sony,informática,463.59572654351484
Boneca Petz,brinquedos,52.675913867296124
Forno Elétrico Black & Decker,casa,494.29577132672506
Painel Aluá Festas,artigos para festas,21.30643405845573
papel Amazon,papelaria,9.411187169478556
Monitor Motorola,informática,731.3134742794634
Armário Móveis Carraro,móveis,210.41495575834372
Cômoda Móveis Estrela,móveis,480.3222902046987
Creme Hinode,beleza,36.243888023197
Retrovisor Bosch,automotivo,317.52420519891257
Escova Colgate,beleza,39.68751653048024
Monitor Sony,informática,113.788285080132
régua Extra,papelaria,43.256911487946006
Smart TV Philips,eletrônicos,821.1614769119875
Shampoo Hinode,beleza,23.54122449310448
Tablet Panasonic,eletrônicos,676.7334819438596
Painel Festa Box,artigos para festas,12.187347489063558
Desktop LG,eletrônicos,124.07842713611744
Banco Moura,automotivo,312.3213766250823
Relógio Puma,acessórios,30.70985223448737
Impressora Apple,informática,979.1562845142929
Lâmpada Bridgestone,automotivo,361.6072290682846
Frost Free Cuisinart,casa,281.7417011729893
Side by Side Brastemp,casa,194.2682861322929
cola Riachuelo,papelaria,33.91212870973294
caneta Ponto Frio,livros,36.25109948277832
fita Americanas,papelaria,41.27736648650329
Cômoda Móveis Matic,móveis,361.3745379275568
Escova Colgate,saúde,48.201165057446545
Jogo Grow,petshop,29.211087760236644
Enfeite Festcolor,artigos para festas,41.36282091376806
Perfume Dove,saúde,6.714634703464369
Sabonete Rexona,beleza,19.717965461653044
apontador Amazon,papelaria,26.768849500146096
Pneu Pioneer,automotivo,327.16367192785754
Perfume Dove,beleza,11.017662933477574
Cabelo Mary Kay,saúde,16.82096478469855
autoajuda Extra,livros,25.50988717784271
Rack Móveis Rudnick,móveis,303.63106136116903
Painel Festas Mix,artigos para festas,38.22411355571514
Unhas O Boticário,beleza,28.101144196973284
Desodorante Mary Kay,beleza,13.353742573407605
Bloco Ri Happy,brinquedos,93.63039797820589
Side by Side Britânia,casa,221.6179370219556
Vela Regina Festas,artigos para festas,46.73339850115553
Escova Avon,saúde,47.92169722684893
Cama Ri Happy,brinquedos,86.21347298443392
ficção Walmart,livros,12.63471589688575
Lembrancinha Magazine 25,artigos para festas,34.609444060530095
autoajuda Riachuelo,livros,38.01560028241781
caneta Americanas,papelaria,42.23575989673315
Impressora Philips,informática,692.3436433510427
Retrovisor Bridgestone,automotivo,494.0772872849622
Condicionador O Boticário,saúde,20.704276167818804
Óleo Heliar,automotivo,346.4527586062267
Creme Avon,beleza,45.287063475550156
Unhas Eudora,saúde,29.3992496228504
Unhas Mary Kay,beleza,42.187082060796286
tesoura Ponto Frio,papelaria,11.057953620975727
Ração Petz,petshop,34.18378674525647
fita Casas Bahia,papelaria,46.37805895995842
lápis Amazon,livros,24.206703040313773
Rack Todeschini,móveis,362.1182327663311
apontador Submarino,papelaria,26.38290459409336
Notebook Philips,informática,415.37124105919514
Maquiagem Avon,saúde,12.69050147697375
Micro-ondas Philco,casa,187.11966596203487
Salgado Pepsi,alimentos,3.1689924992102148
Top Load Electrolux,casa,266.6676048264062
Farol Bosch,automotivo,393.16113429834604
Micro-ondas Britânia,casa,55.29681021299542
Liquidificador Britânia,casa,233.88185187292635
Cadeira Móveis Estrela,móveis,197.25423884967324
